<?xml version="1.0"?>



<PropertyList>

	<name>aim-9-dual-launcher</name>
  	<path>aim-9-dual-launcher.ac</path>

	<animation>
		<type>select</type>
		<nopreview/>
		<object-name>LAU-114-0</object-name>
		<condition>
			<equals>
				<property>/sim/model/A-10/weapons/stations/station[0]/description</property>
				<value>dual-AIM-9</value>
			</equals>
		</condition>
	</animation>
	<animation>
		<type>select</type>
		<nopreview/>
		<object-name>AIM-9-0-0</object-name>
		<condition>
			<equals>
				<property>/sim/model/A-10/weapons/stations/station[0]/description</property>
				<value>dual-AIM-9</value>
			</equals>
			<not>
				<property>sim/model/A-10/weapons/stations/station[0]/dual-AIM-9/trigger[0]</property>
			</not>
		</condition>
	</animation>	
	<animation>
		<type>select</type>
		<nopreview/>
		<object-name>AIM-9-0-1</object-name>
		<condition>
			<equals>
				<property>/sim/model/A-10/weapons/stations/station[0]/description</property>
				<value>dual-AIM-9</value>
			</equals>
			<not>
				<property>sim/model/A-10/weapons/stations/station[0]/dual-AIM-9/trigger[1]</property>
			</not>
		</condition>
	</animation>	


	<animation>
		<type>select</type>
		<object-name>LAU-114-10</object-name>
		<condition>
			<equals>
				<property>/sim/model/A-10/weapons/stations/station[10]/description</property>
				<value>dual-AIM-9</value>
			</equals>
		</condition>
	</animation>
	<animation>
		<type>select</type>
		<object-name>AIM-9-10-0</object-name>
		<condition>
			<equals>
				<property>/sim/model/A-10/weapons/stations/station[10]/description</property>
				<value>dual-AIM-9</value>
			</equals>
			<not>
				<property>sim/model/A-10/weapons/stations/station[10]/dual-AIM-9/trigger[0]</property>
			</not>
		</condition>
	</animation>	
	<animation>
		<type>select</type>
		<object-name>AIM-9-10-1</object-name>
		<condition>
			<equals>
				<property>/sim/model/A-10/weapons/stations/station[10]/description</property>
				<value>dual-AIM-9</value>
			</equals>
			<not>
				<property>sim/model/A-10/weapons/stations/station[10]/dual-AIM-9/trigger[1]</property>
			</not>
		</condition>
	</animation>	

</PropertyList>
