<?xml version="1.0"?>


<PropertyList>

 
  <path>An-TWQlwheel.ac</path>
 
  <animation> 
   <type>spin</type>    
   <property>gear/gear[1]/rollspeed-ms</property> 
   <factor>-15</factor> 
   <center> 
     <x-m>0.0</x-m> 
     <y-m>0.0</y-m> 
     <z-m>0.0</z-m> 
   </center> 
   <axis> 
     <x>0.0</x> 
     <y>-0.5</y> 
     <z>0.0</z> 
   </axis> 
  </animation>
  <animation> 
   <type>rotate</type> 
   <property>controls/flight/aileron</property> 
   <factor>-20</factor> 
   <center> 
    <x-m>0.0</x-m> 
    <y-m>0.0</y-m> 
    <z-m>0.0</z-m> 
   </center>  
   <axis> 
    <x>0.0</x> 
    <y>0.0</y> 
    <z>1.0</z> 
   </axis> 
  </animation>
</PropertyList>