<?xml version="1.0"?>



<PropertyList>

	<path>MK-82-LD-single.ac</path>
	<nopreview/>

	<animation>
		<type>select</type>
		<object-name>fasten-screw-0</object-name>
		<condition>
			<equals>
				<property>sim/model/A-10/weapons/stations/station[0]/description</property>
				<value>single-MK-82-LD</value>
			</equals>
		</condition>
	</animation>
	<animation>
		<type>select</type>
		<object-name>mk82-0</object-name>
		<condition>
			<equals>
				<property>sim/model/A-10/weapons/stations/station[0]/description</property>
				<value>single-MK-82-LD</value>
			</equals>
			<not>
				<property>sim/model/A-10/weapons/stations/station[0]/single-MK-82-LD/trigger[0]</property>
			</not>
		</condition>
	</animation>

	<animation>
		<type>select</type>
		<object-name>fasten-screw-1</object-name>
		<condition>
			<equals>
				<property>sim/model/A-10/weapons/stations/station[1]/description</property>
				<value>single-MK-82-LD</value>
			</equals>
		</condition>
	</animation>
	<animation>
		<type>select</type>
		<object-name>mk82-1</object-name>
		<condition>
			<equals>
				<property>sim/model/A-10/weapons/stations/station[1]/description</property>
				<value>single-MK-82-LD</value>
			</equals>
			<not>
				<property>sim/model/A-10/weapons/stations/station[1]/single-MK-82-LD/trigger[0]</property>
			</not>
		</condition>
	</animation>

	<animation>
		<type>select</type>
		<object-name>fasten-screw-2</object-name>
		<condition>
			<equals>
				<property>sim/model/A-10/weapons/stations/station[2]/description</property>
				<value>single-MK-82-LD</value>
			</equals>
		</condition>
	</animation>
	<animation>
		<type>select</type>
		<object-name>mk82-2</object-name>
		<condition>
			<equals>
				<property>sim/model/A-10/weapons/stations/station[2]/description</property>
				<value>single-MK-82-LD</value>
			</equals>
			<not>
				<property>sim/model/A-10/weapons/stations/station[2]/single-MK-82-LD/trigger[0]</property>
			</not>
		</condition>
	</animation>

	<animation>
		<type>select</type>
		<object-name>fasten-screw-3</object-name>
		<condition>
			<equals>
				<property>sim/model/A-10/weapons/stations/station[3]/description</property>
				<value>single-MK-82-LD</value>
			</equals>
		</condition>
	</animation>
	<animation>
		<type>select</type>
		<object-name>mk82-3</object-name>
		<condition>
			<equals>
				<property>sim/model/A-10/weapons/stations/station[3]/description</property>
				<value>single-MK-82-LD</value>
			</equals>
			<not>
				<property>sim/model/A-10/weapons/stations/station[3]/single-MK-82-LD/trigger[0]</property>
			</not>
		</condition>
	</animation>

	<animation>
		<type>select</type>
		<object-name>fasten-screw-4</object-name>
		<condition>
			<equals>
				<property>sim/model/A-10/weapons/stations/station[4]/description</property>
				<value>single-MK-82-LD</value>
			</equals>
		</condition>
	</animation>
	<animation>
		<type>select</type>
		<object-name>mk82-4</object-name>
		<condition>
			<equals>
				<property>sim/model/A-10/weapons/stations/station[4]/description</property>
				<value>single-MK-82-LD</value>
			</equals>
			<not>
				<property>sim/model/A-10/weapons/stations/station[4]/single-MK-82-LD/trigger[0]</property>
			</not>
		</condition>
	</animation>

	<animation>
		<type>select</type>
		<object-name>fasten-screw-5</object-name>
		<condition>
			<equals>
				<property>sim/model/A-10/weapons/stations/station[5]/description</property>
				<value>single-MK-82-LD</value>
			</equals>
		</condition>
	</animation>
	<animation>
		<type>select</type>
		<object-name>mk82-5</object-name>
		<condition>
			<equals>
				<property>sim/model/A-10/weapons/stations/station[5]/description</property>
				<value>single-MK-82-LD</value>
			</equals>
			<not>
				<property>sim/model/A-10/weapons/stations/station[5]/single-MK-82-LD/trigger[0]</property>
			</not>
		</condition>
	</animation>

	<animation>
		<type>select</type>
		<object-name>fasten-screw-6</object-name>
		<condition>
			<equals>
				<property>sim/model/A-10/weapons/stations/station[6]/description</property>
				<value>single-MK-82-LD</value>
			</equals>
		</condition>
	</animation>
	<animation>
		<type>select</type>
		<object-name>mk82-6</object-name>
		<condition>
			<equals>
				<property>sim/model/A-10/weapons/stations/station[6]/description</property>
				<value>single-MK-82-LD</value>
			</equals>
			<not>
				<property>sim/model/A-10/weapons/stations/station[6]/single-MK-82-LD/trigger[0]</property>
			</not>
		</condition>
	</animation>

	<animation>
		<type>select</type>
		<object-name>fasten-screw-7</object-name>
		<condition>
			<equals>
				<property>sim/model/A-10/weapons/stations/station[7]/description</property>
				<value>single-MK-82-LD</value>
			</equals>
		</condition>
	</animation>
	<animation>
		<type>select</type>
		<object-name>mk82-7</object-name>
		<condition>
			<equals>
				<property>sim/model/A-10/weapons/stations/station[7]/description</property>
				<value>single-MK-82-LD</value>
			</equals>
			<not>
				<property>sim/model/A-10/weapons/stations/station[7]/single-MK-82-LD/trigger[0]</property>
			</not>
		</condition>
	</animation>

	<animation>
		<type>select</type>
		<object-name>fasten-screw-8</object-name>
		<condition>
			<equals>
				<property>sim/model/A-10/weapons/stations/station[8]/description</property>
				<value>single-MK-82-LD</value>
			</equals>
		</condition>
	</animation>
	<animation>
		<type>select</type>
		<object-name>mk82-8</object-name>
		<condition>
			<equals>
				<property>sim/model/A-10/weapons/stations/station[8]/description</property>
				<value>single-MK-82-LD</value>
			</equals>
			<not>
				<property>sim/model/A-10/weapons/stations/station[8]/single-MK-82-LD/trigger[0]</property>
			</not>
		</condition>
	</animation>

	<animation>
		<type>select</type>
		<object-name>fasten-screw-9</object-name>
		<condition>
			<equals>
				<property>sim/model/A-10/weapons/stations/station[9]/description</property>
				<value>single-MK-82-LD</value>
			</equals>
		</condition>
	</animation>
	<animation>
		<type>select</type>
		<object-name>mk82-9</object-name>
		<condition>
			<equals>
				<property>sim/model/A-10/weapons/stations/station[9]/description</property>
				<value>single-MK-82-LD</value>
			</equals>
			<not>
				<property>sim/model/A-10/weapons/stations/station[9]/single-MK-82-LD/trigger[0]</property>
			</not>
		</condition>
	</animation>

	<animation>
		<type>select</type>
		<object-name>fasten-screw-10</object-name>
		<condition>
			<equals>
				<property>sim/model/A-10/weapons/stations/station[10]/description</property>
				<value>single-MK-82-LD</value>
			</equals>
		</condition>
	</animation>
	<animation>
		<type>select</type>
		<object-name>mk82-10</object-name>
		<condition>
			<equals>
				<property>sim/model/A-10/weapons/stations/station[10]/description</property>
				<value>single-MK-82-LD</value>
			</equals>
			<not>
				<property>sim/model/A-10/weapons/stations/station[10]/single-MK-82-LD/trigger[0]</property>
			</not>
		</condition>
	</animation>

	
</PropertyList>
