<?xml version="1.0"?>



<PropertyList>

	<name>triple-MK-82-LD</name>
	<path>MK-82-LD-ter.ac</path>	

	<animation>
		<type>select</type>
		<nopreview/>
		<object-name>ter-2</object-name>
		<condition>
			<equals>
				<property>sim/model/A-10/weapons/stations/station[2]/description</property>
				<value>triple-MK-82-LD</value>
			</equals>
		</condition>
	</animation>
	<animation>
		<type>select</type>
		<nopreview/>
		<object-name>mk82-2-0</object-name>
		<condition>
			<equals>
				<property>sim/model/A-10/weapons/stations/station[2]/description</property>
				<value>triple-MK-82-LD</value>
			</equals>
			<not>
				<property>sim/model/A-10/weapons/stations/station[2]/triple-MK-82-LD/trigger[0]</property>
			</not>
		</condition>
	</animation>
	<animation>
		<type>select</type>
		<nopreview/>
		<object-name>mk82-2-1</object-name>
		<condition>
			<equals>
				<property>sim/model/A-10/weapons/stations/station[2]/description</property>
				<value>triple-MK-82-LD</value>
			</equals>
			<not>
				<property>sim/model/A-10/weapons/stations/station[2]/triple-MK-82-LD/trigger[1]</property>
			</not>
		</condition>
	</animation>
	<animation>
		<type>select</type>
		<nopreview/>
		<object-name>mk82-2-2</object-name>
		<condition>
			<equals>
				<property>sim/model/A-10/weapons/stations/station[2]/description</property>
				<value>triple-MK-82-LD</value>
			</equals>
			<not>
				<property>sim/model/A-10/weapons/stations/station[2]/triple-MK-82-LD/trigger[2]</property>
			</not>
		</condition>
	</animation>

	<animation>
		<type>select</type>
		<object-name>ter-3</object-name>
		<condition>
			<equals>
				<property>sim/model/A-10/weapons/stations/station[3]/description</property>
				<value>triple-MK-82-LD</value>
			</equals>
		</condition>
	</animation>
	<animation>
		<type>select</type>
		<object-name>mk82-3-0</object-name>
		<condition>
			<equals>
				<property>sim/model/A-10/weapons/stations/station[3]/description</property>
				<value>triple-MK-82-LD</value>
			</equals>
			<not>
				<property>sim/model/A-10/weapons/stations/station[3]/triple-MK-82-LD/trigger[0]</property>
			</not>
		</condition>
	</animation>
	<animation>
		<type>select</type>
		<object-name>mk82-3-1</object-name>
		<condition>
			<equals>
				<property>sim/model/A-10/weapons/stations/station[3]/description</property>
				<value>triple-MK-82-LD</value>
			</equals>
			<not>
				<property>sim/model/A-10/weapons/stations/station[3]/triple-MK-82-LD/trigger[1]</property>
			</not>
		</condition>
	</animation>
	<animation>
		<type>select</type>
		<object-name>mk82-3-2</object-name>
		<condition>
			<equals>
				<property>sim/model/A-10/weapons/stations/station[3]/description</property>
				<value>triple-MK-82-LD</value>
			</equals>
			<not>
				<property>sim/model/A-10/weapons/stations/station[3]/triple-MK-82-LD/trigger[2]</property>
			</not>
		</condition>
	</animation>

	<animation>
		<type>select</type>
		<object-name>ter-7</object-name>
		<condition>
			<equals>
				<property>sim/model/A-10/weapons/stations/station[7]/description</property>
				<value>triple-MK-82-LD</value>
			</equals>
		</condition>
	</animation>
	<animation>
		<type>select</type>
		<object-name>mk82-7-0</object-name>
		<condition>
			<equals>
				<property>sim/model/A-10/weapons/stations/station[7]/description</property>
				<value>triple-MK-82-LD</value>
			</equals>
			<not>
				<property>sim/model/A-10/weapons/stations/station[7]/triple-MK-82-LD/trigger[0]</property>
			</not>
		</condition>
	</animation>
	<animation>
		<type>select</type>
		<object-name>mk82-7-1</object-name>
		<condition>
			<equals>
				<property>sim/model/A-10/weapons/stations/station[7]/description</property>
				<value>triple-MK-82-LD</value>
			</equals>
			<not>
				<property>sim/model/A-10/weapons/stations/station[7]/triple-MK-82-LD/trigger[1]</property>
			</not>
		</condition>
	</animation>
	<animation>
		<type>select</type>
		<object-name>mk82-7-2</object-name>
		<condition>
			<equals>
				<property>sim/model/A-10/weapons/stations/station[7]/description</property>
				<value>triple-MK-82-LD</value>
			</equals>
			<not>
				<property>sim/model/A-10/weapons/stations/station[7]/triple-MK-82-LD/trigger[2]</property>
			</not>
		</condition>
	</animation>

	<animation>
		<type>select</type>
		<nopreview/>
		<object-name>ter-8</object-name>
		<condition>
			<equals>
				<property>sim/model/A-10/weapons/stations/station[8]/description</property>
				<value>triple-MK-82-LD</value>
			</equals>
		</condition>
	</animation>
	<animation>
		<type>select</type>
		<nopreview/>
		<object-name>mk82-8-0</object-name>
		<condition>
			<equals>
				<property>sim/model/A-10/weapons/stations/station[8]/description</property>
				<value>triple-MK-82-LD</value>
			</equals>
			<not>
				<property>sim/model/A-10/weapons/stations/station[8]/triple-MK-82-LD/trigger[0]</property>
			</not>
		</condition>
	</animation>
	<animation>
		<type>select</type>
		<nopreview/>
		<object-name>mk82-8-1</object-name>
		<condition>
			<equals>
				<property>sim/model/A-10/weapons/stations/station[8]/description</property>
				<value>triple-MK-82-LD</value>
			</equals>
			<not>
				<property>sim/model/A-10/weapons/stations/station[8]/triple-MK-82-LD/trigger[1]</property>
			</not>
		</condition>
	</animation>
	<animation>
		<type>select</type>
		<nopreview/>
		<object-name>mk82-8-2</object-name>
		<condition>
			<equals>
				<property>sim/model/A-10/weapons/stations/station[8]/description</property>
				<value>triple-MK-82-LD</value>
			</equals>
			<not>
				<property>sim/model/A-10/weapons/stations/station[8]/triple-MK-82-LD/trigger[2]</property>
			</not>
		</condition>
	</animation>


	
</PropertyList>
