<?xml version="1.0"?>
<PropertyList>

 <path>temp130.ac</path>

 <animation>
  <type>rotate</type>
  <object-name>Needle1</object-name>
  <property>/engines/engine[0]/oiltempc</property>
  <min>0.0</min>
  <max>150</max>
  <interpolation>
   <entry>
    <ind>0</ind>
    <dep>0</dep>
   </entry>
   <entry>
    <ind>130</ind>
    <dep>122</dep>
   </entry>
  </interpolation>
  <center>
   <x-m>0</x-m>
   <y-m>0</y-m>
   <z-m>-0.005</z-m>
  </center>
  <axis>
   <x>-1</x>
   <y>0</y>
   <z>0</z>
  </axis>
 </animation>  <animation>
  <type>material</type>
  <object-name>Face</object-name>
  <object-name>Needle1</object-name>
  <emission>
   <red>0.5</red>
   <green>0.5</green>
   <blue>0.5</blue>
  </emission>
 </animation>

</PropertyList>
