<?xml version="1.0" encoding="UTF-8"?>


<!--
Standard armament on the F6F-3 consisted of six .50 in (12.7 mm) M2/AN 
Browning air-cooled machine guns with 400 rpg

There is one possible variation:

"While all F6F-5s were capable of carrying an armament mix of one 20 
mm (.79 in) M2 cannon in each of the inboard gun bays (220 rpg), along 
with two pairs of .50 in (12.7 mm) machine guns (each with 400 rpg), 
this configuration was only used on many later F6F-5N night 
fighters.[21] The F6F-5 was the most common variant with 7,870 being 
built."

Source: http://en.wikipedia.org/wiki/Grumman_F6F_Hellcat

Cartridge	.50 BMG (12.7 x 99mm NATO)
Action	Short recoil-operated
Rate of fire 450-635 rounds/min (M2HB)
750-850 rounds/min (AN/M2)
1,200 rounds/min (AN/M3)
Muzzle velocity	2,910 ft/s (890 m/s) for M33 ball
Effective range	1,800 m (2,000 yd)[3]
Maximum range	2,000 m (2,200 yd)
Feed system	Belt-fed (M2 or M9 links)

Standard armament on the F6F-3 consisted of six .50 in (12.7 mm) M2/AN Browning 
air-cooled machine guns with 400 rpg (rounds per gun)

Source: http://en.wikipedia.org/wiki/M2_Browning_machine_gun

647 gr (41.9 g) Speer	3,044 ft/s (928 m/s)	13,144 ft x lbf (17,821 J)
655 gr (42.4 g) ADI	3,029 ft/s (923 m/s)	13,350 ft x lbf (18,100 J)
700 gr (45 g) Barnes	2,978 ft/s (908 m/s)	13,971 ft x lbf (18,942 J)
750 gr (49 g) Hornady	2,820 ft/s (860 m/s)	13,241 ft-lbs (17,952 J)
[1]
800 gr (52 g) Barnes	2,895 ft/s (882 m/s)	14,8
Source: http://en.wikipedia.org/wiki/.50_BMG

59 grams = 0.130072735 pounds


-->


<PropertyList>


  <!-- Gauche exterieur -->
  <submodel>

    <name>M2/AN Browning .50 BMG Round</name>

    <model>Aircraft/AN-TWQ-1-Avenger/Models/Avenger-guns/apibullet-tracer.xml</model>

    <trigger>controls/armament/trigger</trigger>

    <speed>2910</speed>

    <repeat>true</repeat>

    <delay>.15</delay>
 <!--doubling the delay/halving the rate to avoid killing FG framerate-->

    <count>400</count>

    <x-offset>  0.0 </x-offset>
    <!-- -2.791 m =  9.16 ft -->

    <y-offset>  1.0 </y-offset>
    <!-- -2.731 m =  8.96 ft -->
 
    <z-offset>  0.0 </z-offset>
    <!-- -0.180 m = -0.59 ft -->

    <yaw-offset> 0.0 </yaw-offset>

    <pitch-offset> 0.1 </pitch-offset>

    <life>4.0</life>
    <wind>false</wind>

    <weight>0.130072735</weight>

    <cd>0.193</cd>

    <eda>0.00571198</eda>
 
   <collision>true</collision>

    <collision-report>sim/ai/aircraft/collision/gun</collision-report>

    <impact>true</impact>

    <impact-report>sim/ai/aircraft/impact/bullet</impact-report>

    <!--<submodel-path>Aircraft/AN-TWQ-1-Avenger/Models/Avenger-guns/bullet-submodel.xml</submodel-path>-->

  </submodel>


  <rocket>
   <model>Aircraft/AN-TWQ-1-Avenger/Models/Effects/rocket/wp.xml</model>
   <x>-4.753</x>
   <speed>820</speed>
   <pitch>0</pitch>
   <!--2?-->
   <cd>0</cd>
   <weight>0.000001</weight>
   <eda>0.000001</eda>
   <life>10</life>
   <impact>/sim/ai/aircraft/impact/rocket</impact>
   <submodel-path>Aircraft/AN-TWQ-1-Avenger/Models/Effects/rocket/rocket-submodels.xml</submodel-path>
  </rocket>

  <!-- Rocket 1 -->
  <submodel>
   <name>LAU-68 Rocket</name>
   <model>Aircraft/AN-TWQ-1-Avenger/Models/A10-Stores/LAU-68/wp.xml</model>
   <trigger>controls/armament/trigger4</trigger>
   <speed>300</speed>
   <repeat>false</repeat>
   <delay>.1</delay>
   <count>-1</count>
   <x-offset>  0.0 </x-offset>
   <y-offset>  2.6 </y-offset>
   <z-offset>  9.0 </z-offset>   
   <x-offset>0</x-offset>
   <yaw-offset>0</yaw-offset>
   <pitch-offset>-2</pitch-offset>
   <cd>0</cd>
   <weight>23.9</weight>
   <eda>0.000001</eda>
   <life>25</life>
   <buoyancy>31</buoyancy>
   <aero-stabilised>true</aero-stabilised>
   <collision>true</collision>
   <impact>true</impact>
   <impact-report>ai/models/model-impact</impact-report>
   <submodel-path>Aircraft/AN-TWQ-1-Avenger/Models/A10-Stores/LAU-68/LAU-68-submodels.xml</submodel-path>
   <animation>
    <enable-hot type="bool">true</enable-hot>
   </animation>
  </submodel>

  <!-- Rocket 2 -->
  <submodel>
   <name>LAU-68 Rocket</name>
   <model>Aircraft/AN-TWQ-1-Avenger/Models/A10-Stores/LAU-68/wp.xml</model>
   <trigger>controls/armament/trigger4</trigger>
   <speed>300</speed>
   <repeat>false</repeat>
   <delay>.1</delay>
   <count>-1</count>
   <x-offset>  0.0 </x-offset>
   <y-offset>  2.6 </y-offset>
   <z-offset>  9.5 </z-offset>   
   <x-offset>0</x-offset>
   <yaw-offset>0</yaw-offset>
   <pitch-offset>-2</pitch-offset>
   <cd>0</cd>
   <weight>23.9</weight>
   <eda>0.000001</eda>
   <life>25</life>
   <buoyancy>31</buoyancy>
   <aero-stabilised>true</aero-stabilised>
   <collision>true</collision>
   <impact>true</impact>
   <impact-report>ai/models/model-impact</impact-report>
   <submodel-path>Aircraft/AN-TWQ-1-Avenger/Models/A10-Stores/LAU-68/LAU-68-submodels.xml</submodel-path>
   <animation>
    <enable-hot type="bool">true</enable-hot>
   </animation>
  </submodel>

  <!-- Rocket 3 -->
  <submodel>
   <name>LAU-68 Rocket</name>
   <model>Aircraft/AN-TWQ-1-Avenger/Models/A10-Stores/LAU-68/wp.xml</model>
   <trigger>controls/armament/trigger4</trigger>
   <speed>300</speed>
   <repeat>false</repeat>
   <delay>.1</delay>
   <count>-1</count>
   <x-offset>  0.0 </x-offset>
   <y-offset>  3.1 </y-offset>
   <z-offset>  9.0 </z-offset>   
   <x-offset>0</x-offset>
   <yaw-offset>0</yaw-offset>
   <pitch-offset>-2</pitch-offset>
   <cd>0</cd>
   <weight>23.9</weight>
   <eda>0.000001</eda>
   <life>25</life>
   <buoyancy>31</buoyancy>
   <aero-stabilised>true</aero-stabilised>
   <collision>true</collision>
   <impact>true</impact>
   <impact-report>ai/models/model-impact</impact-report>
   <submodel-path>Aircraft/AN-TWQ-1-Avenger/Models/A10-Stores/LAU-68/LAU-68-submodels.xml</submodel-path>
   <animation>
    <enable-hot type="bool">true</enable-hot>
   </animation>
  </submodel>

  <!-- Rocket 4 -->
  <submodel>
   <name>LAU-68 Rocket</name>
   <model>Aircraft/AN-TWQ-1-Avenger/Models/A10-Stores/LAU-68/wp.xml</model>
   <trigger>controls/armament/trigger4</trigger>
   <speed>300</speed>
   <repeat>false</repeat>
   <delay>.1</delay>
   <count>-1</count>
   <x-offset>  0.0 </x-offset>
   <y-offset>  3.1 </y-offset>
   <z-offset>  9.5 </z-offset>   
   <x-offset>0</x-offset>
   <yaw-offset>0</yaw-offset>
   <pitch-offset>-2</pitch-offset>
   <cd>0</cd>
   <weight>23.9</weight>
   <eda>0.000001</eda>
   <life>25</life>
   <buoyancy>31</buoyancy>
   <aero-stabilised>true</aero-stabilised>
   <collision>true</collision>
   <impact>true</impact>
   <impact-report>ai/models/model-impact</impact-report>
   <submodel-path>Aircraft/AN-TWQ-1-Avenger/Models/A10-Stores/LAU-68/LAU-68-submodels.xml</submodel-path>
   <animation>
    <enable-hot type="bool">true</enable-hot>
   </animation>
  </submodel>

  <!-- Rocket 5 -->
  <submodel>
   <name>LAU-68 Rocket</name>
   <model>Aircraft/AN-TWQ-1-Avenger/Models/A10-Stores/LAU-68/wp.xml</model>
   <trigger>controls/armament/trigger4</trigger>
   <speed>300</speed>
   <repeat>false</repeat>
   <delay>.1</delay>
   <count>-1</count>
   <x-offset>  0.0 </x-offset>
   <y-offset>  -3.1 </y-offset>
   <z-offset>  9.0 </z-offset>   
   <x-offset>0</x-offset>
   <yaw-offset>0</yaw-offset>
   <pitch-offset>-2</pitch-offset>
   <cd>0</cd>
   <weight>23.9</weight>
   <eda>0.000001</eda>
   <life>25</life>
   <buoyancy>31</buoyancy>
   <aero-stabilised>true</aero-stabilised>
   <collision>true</collision>
   <impact>true</impact>
   <impact-report>ai/models/model-impact</impact-report>
   <submodel-path>Aircraft/AN-TWQ-1-Avenger/Models/A10-Stores/LAU-68/LAU-68-submodels.xml</submodel-path>
   <animation>
    <enable-hot type="bool">true</enable-hot>
   </animation>
  </submodel>

  <!-- Rocket 6 -->
  <submodel>
   <name>LAU-68 Rocket</name>
   <model>Aircraft/AN-TWQ-1-Avenger/Models/A10-Stores/LAU-68/wp.xml</model>
   <trigger>controls/armament/trigger4</trigger>
   <speed>300</speed>
   <repeat>false</repeat>
   <delay>.1</delay>
   <count>-1</count>
   <x-offset>  0.0 </x-offset>
   <y-offset>  -3.1 </y-offset>
   <z-offset>  9.5 </z-offset>   
   <x-offset>0</x-offset>
   <yaw-offset>0</yaw-offset>
   <pitch-offset>-2</pitch-offset>
   <cd>0</cd>
   <weight>23.9</weight>
   <eda>0.000001</eda>
   <life>25</life>
   <buoyancy>31</buoyancy>
   <aero-stabilised>true</aero-stabilised>
   <collision>true</collision>
   <impact>true</impact>
   <impact-report>ai/models/model-impact</impact-report>
   <submodel-path>Aircraft/AN-TWQ-1-Avenger/Models/A10-Stores/LAU-68/LAU-68-submodels.xml</submodel-path>
   <animation>
    <enable-hot type="bool">true</enable-hot>
   </animation>
  </submodel>

  <!-- Rocket 7 -->
  <submodel>
   <name>LAU-68 Rocket</name>
   <model>Aircraft/AN-TWQ-1-Avenger/Models/A10-Stores/LAU-68/wp.xml</model>
   <trigger>controls/armament/trigger4</trigger>
   <speed>300</speed>
   <repeat>false</repeat>
   <delay>.1</delay>
   <count>-1</count>
   <x-offset>  0.0 </x-offset>
   <y-offset>  -2.6 </y-offset>
   <z-offset>  9.0 </z-offset>   
   <x-offset>0</x-offset>
   <yaw-offset>0</yaw-offset>
   <pitch-offset>-2</pitch-offset>
   <cd>0</cd>
   <weight>23.9</weight>
   <eda>0.000001</eda>
   <life>25</life>
   <buoyancy>31</buoyancy>
   <aero-stabilised>true</aero-stabilised>
   <collision>true</collision>
   <impact>true</impact>
   <impact-report>ai/models/model-impact</impact-report>
   <submodel-path>Aircraft/AN-TWQ-1-Avenger/Models/A10-Stores/LAU-68/LAU-68-submodels.xml</submodel-path>
   <animation>
    <enable-hot type="bool">true</enable-hot>
   </animation>
  </submodel>

  <!-- Rocket 8 -->
  <submodel>
   <name>LAU-68 Rocket</name>
   <model>Aircraft/AN-TWQ-1-Avenger/Models/A10-Stores/LAU-68/wp.xml</model>
   <trigger>controls/armament/trigger4</trigger>
   <speed>300</speed>
   <repeat>false</repeat>
   <delay>.1</delay>
   <count>-1</count>
   <x-offset>  0.0 </x-offset>
   <y-offset>  -2.6 </y-offset>
   <z-offset>  9.5 </z-offset>   
   <x-offset>0</x-offset>
   <yaw-offset>0</yaw-offset>
   <pitch-offset>-2</pitch-offset>
   <cd>0</cd>
   <weight>23.9</weight>
   <eda>0.000001</eda>
   <life>25</life>
   <buoyancy>31</buoyancy>
   <aero-stabilised>true</aero-stabilised>
   <collision>true</collision>
   <impact>true</impact>
   <impact-report>ai/models/model-impact</impact-report>
   <submodel-path>Aircraft/AN-TWQ-1-Avenger/Models/A10-Stores/LAU-68/LAU-68-submodels.xml</submodel-path>
   <animation>
    <enable-hot type="bool">true</enable-hot>
   </animation>
  </submodel>


</PropertyList>

