<?xml version="1.0" encoding="UTF-8"?>

<!-- Flack burst (cannon impact), by Dave Culp -->
<PropertyList>

  <animation> <type>rotate</type> <property>controls/flight/rudder</property> <factor>-360</factor> <center> <x-m>0.0</x-m> <y-m>0.0</y-m> <z-m>0.0</z-m> </center> <axis> <x1-m>0.9998</x1-m> <y1-m>0</y1-m> <z1-m>6.0231</z1-m> <x2-m>1.1375</x2-m> <y2-m>0</y2-m> <z2-m>-1.2899</z2-m> </axis> </animation> <animation> <type>rotate</type> <property>controls/flight/elevator</property> <factor>-70</factor> <center> <x-m>0.0</x-m> <y-m>0.0</y-m> <z-m>0.0</z-m> </center> <axis> <x>0.0</x> <y>-0.5</y> <z>0.0</z> </axis> </animation>  <submodel>
    <name>bullet splash</name>
    <model>Aircraft/AN-TWQ-1-Avenger/Models/Avenger-guns/smallflack.xml</model>
    <speed>0</speed>
    <repeat>false</repeat>
    <delay>0</delay>
    <count>1</count>
    <x-offset>0</x-offset>
    <y-offset>0</y-offset>
    <z-offset>0</z-offset>
    <yaw-offset>0</yaw-offset>
    <pitch-offset>0</pitch-offset>
    <eda>100</eda>
    <wind>false</wind>
    <buoyancy>32.1</buoyancy>
    <aero-stabilised>false</aero-stabilised>
    <fuse-range>0</fuse-range>
    <life>6</life>
  </submodel>

</PropertyList>
