<?xml version="1.0"?>



<PropertyList>

	<name>lau-68</name>
	<path>lau-68.ac</path>	
	<nopreview/>

	<animation>
		<type>select</type>
		<object-name>lau68-1</object-name>
		<condition>
			<equals>
				<property>sim/model/A-10/weapons/stations/station[1]/description</property>
				<value>LAU-68</value>
			</equals>
		</condition>
	</animation>
	<animation>
		<type>select</type>
		<object-name>wp-1-0</object-name>
		<condition>
			<equals>
				<property>sim/model/A-10/weapons/stations/station[1]/description</property>
				<value>LAU-68</value>
			</equals>
			<not>
				<property>sim/model/A-10/weapons/stations/station[1]/LAU-68/trigger[0]</property>
			</not>
		</condition>
	</animation>
	<animation>
		<type>select</type>
		<object-name>wp-1-1</object-name>
		<condition>
			<equals>
				<property>sim/model/A-10/weapons/stations/station[1]/description</property>
				<value>LAU-68</value>
			</equals>
			<not>
				<property>sim/model/A-10/weapons/stations/station[1]/LAU-68/trigger[1]</property>
			</not>
		</condition>
	</animation>
	<animation>
		<type>select</type>
		<object-name>wp-1-2</object-name>
		<condition>
			<equals>
				<property>sim/model/A-10/weapons/stations/station[1]/description</property>
				<value>LAU-68</value>
			</equals>
			<not>
				<property>sim/model/A-10/weapons/stations/station[1]/LAU-68/trigger[2]</property>
			</not>
		</condition>
	</animation>
	<animation>
		<type>select</type>
		<object-name>wp-1-3</object-name>
		<condition>
			<equals>
				<property>sim/model/A-10/weapons/stations/station[1]/description</property>
				<value>LAU-68</value>
			</equals>
			<not>
				<property>sim/model/A-10/weapons/stations/station[1]/LAU-68/trigger[3]</property>
			</not>
		</condition>
	</animation>
	<animation>
		<type>select</type>
		<object-name>wp-1-4</object-name>
		<condition>
			<equals>
				<property>sim/model/A-10/weapons/stations/station[1]/description</property>
				<value>LAU-68</value>
			</equals>
			<not>
				<property>sim/model/A-10/weapons/stations/station[1]/LAU-68/trigger[4]</property>
			</not>
		</condition>
	</animation>
	<animation>
		<type>select</type>
		<object-name>wp-1-5</object-name>
		<condition>
			<equals>
				<property>sim/model/A-10/weapons/stations/station[1]/description</property>
				<value>LAU-68</value>
			</equals>
			<not>
				<property>sim/model/A-10/weapons/stations/station[1]/LAU-68/trigger[5]</property>
			</not>
		</condition>
	</animation>
	<animation>
		<type>select</type>
		<object-name>wp-1-6</object-name>
		<condition>
			<equals>
				<property>sim/model/A-10/weapons/stations/station[1]/description</property>
				<value>LAU-68</value>
			</equals>
			<not>
				<property>sim/model/A-10/weapons/stations/station[1]/LAU-68/trigger[6]</property>
			</not>
		</condition>
	</animation>





	<animation>
		<type>select</type>
		<object-name>lau68-2</object-name>
		<condition>
			<equals>
				<property>sim/model/A-10/weapons/stations/station[2]/description</property>
				<value>LAU-68</value>
			</equals>
		</condition>
	</animation>
	<animation>
		<type>select</type>
		<object-name>wp-2-0</object-name>
		<condition>
			<equals>
				<property>sim/model/A-10/weapons/stations/station[2]/description</property>
				<value>LAU-68</value>
			</equals>
			<not>
				<property>sim/model/A-10/weapons/stations/station[2]/LAU-68/trigger[0]</property>
			</not>
		</condition>
	</animation>
	<animation>
		<type>select</type>
		<object-name>wp-2-1</object-name>
		<condition>
			<equals>
				<property>sim/model/A-10/weapons/stations/station[2]/description</property>
				<value>LAU-68</value>
			</equals>
			<not>
				<property>sim/model/A-10/weapons/stations/station[2]/LAU-68/trigger[1]</property>
			</not>
		</condition>
	</animation>
	<animation>
		<type>select</type>
		<object-name>wp-2-2</object-name>
		<condition>
			<equals>
				<property>sim/model/A-10/weapons/stations/station[2]/description</property>
				<value>LAU-68</value>
			</equals>
			<not>
				<property>sim/model/A-10/weapons/stations/station[2]/LAU-68/trigger[2]</property>
			</not>
		</condition>
	</animation>
	<animation>
		<type>select</type>
		<object-name>wp-2-3</object-name>
		<condition>
			<equals>
				<property>sim/model/A-10/weapons/stations/station[2]/description</property>
				<value>LAU-68</value>
			</equals>
			<not>
				<property>sim/model/A-10/weapons/stations/station[2]/LAU-68/trigger[3]</property>
			</not>
		</condition>
	</animation>
	<animation>
		<type>select</type>
		<object-name>wp-2-4</object-name>
		<condition>
			<equals>
				<property>sim/model/A-10/weapons/stations/station[2]/description</property>
				<value>LAU-68</value>
			</equals>
			<not>
				<property>sim/model/A-10/weapons/stations/station[2]/LAU-68/trigger[4]</property>
			</not>
		</condition>
	</animation>
	<animation>
		<type>select</type>
		<object-name>wp-2-5</object-name>
		<condition>
			<equals>
				<property>sim/model/A-10/weapons/stations/station[2]/description</property>
				<value>LAU-68</value>
			</equals>
			<not>
				<property>sim/model/A-10/weapons/stations/station[2]/LAU-68/trigger[5]</property>
			</not>
		</condition>
	</animation>
	<animation>
		<type>select</type>
		<object-name>wp-2-6</object-name>
		<condition>
			<equals>
				<property>sim/model/A-10/weapons/stations/station[2]/description</property>
				<value>LAU-68</value>
			</equals>
			<not>
				<property>sim/model/A-10/weapons/stations/station[2]/LAU-68/trigger[6]</property>
			</not>
		</condition>
	</animation>


	<animation>
		<type>select</type>
		<object-name>lau68-3</object-name>
		<condition>
			<equals>
				<property>sim/model/A-10/weapons/stations/station[3]/description</property>
				<value>LAU-68</value>
			</equals>
		</condition>
	</animation>
	<animation>
		<type>select</type>
		<object-name>wp-3-0</object-name>
		<condition>
			<equals>
				<property>sim/model/A-10/weapons/stations/station[3]/description</property>
				<value>LAU-68</value>
			</equals>
			<not>
				<property>sim/model/A-10/weapons/stations/station[3]/LAU-68/trigger[0]</property>
			</not>
		</condition>
	</animation>
	<animation>
		<type>select</type>
		<object-name>wp-3-1</object-name>
		<condition>
			<equals>
				<property>sim/model/A-10/weapons/stations/station[3]/description</property>
				<value>LAU-68</value>
			</equals>
			<not>
				<property>sim/model/A-10/weapons/stations/station[3]/LAU-68/trigger[1]</property>
			</not>
		</condition>
	</animation>
	<animation>
		<type>select</type>
		<object-name>wp-3-2</object-name>
		<condition>
			<equals>
				<property>sim/model/A-10/weapons/stations/station[3]/description</property>
				<value>LAU-68</value>
			</equals>
			<not>
				<property>sim/model/A-10/weapons/stations/station[3]/LAU-68/trigger[2]</property>
			</not>
		</condition>
	</animation>
	<animation>
		<type>select</type>
		<object-name>wp-3-3</object-name>
		<condition>
			<equals>
				<property>sim/model/A-10/weapons/stations/station[3]/description</property>
				<value>LAU-68</value>
			</equals>
			<not>
				<property>sim/model/A-10/weapons/stations/station[3]/LAU-68/trigger[3]</property>
			</not>
		</condition>
	</animation>
	<animation>
		<type>select</type>
		<object-name>wp-3-4</object-name>
		<condition>
			<equals>
				<property>sim/model/A-10/weapons/stations/station[3]/description</property>
				<value>LAU-68</value>
			</equals>
			<not>
				<property>sim/model/A-10/weapons/stations/station[3]/LAU-68/trigger[4]</property>
			</not>
		</condition>
	</animation>
	<animation>
		<type>select</type>
		<object-name>wp-3-5</object-name>
		<condition>
			<equals>
				<property>sim/model/A-10/weapons/stations/station[3]/description</property>
				<value>LAU-68</value>
			</equals>
			<not>
				<property>sim/model/A-10/weapons/stations/station[3]/LAU-68/trigger[5]</property>
			</not>
		</condition>
	</animation>
	<animation>
		<type>select</type>
		<object-name>wp-3-6</object-name>
		<condition>
			<equals>
				<property>sim/model/A-10/weapons/stations/station[3]/description</property>
				<value>LAU-68</value>
			</equals>
			<not>
				<property>sim/model/A-10/weapons/stations/station[3]/LAU-68/trigger[6]</property>
			</not>
		</condition>
	</animation>



	<animation>
		<type>select</type>
		<object-name>lau68-7</object-name>
		<condition>
			<equals>
				<property>sim/model/A-10/weapons/stations/station[7]/description</property>
				<value>LAU-68</value>
			</equals>
		</condition>
	</animation>
	<animation>
		<type>select</type>
		<object-name>wp-7-0</object-name>
		<condition>
			<equals>
				<property>sim/model/A-10/weapons/stations/station[7]/description</property>
				<value>LAU-68</value>
			</equals>
			<not>
				<property>sim/model/A-10/weapons/stations/station[7]/LAU-68/trigger[0]</property>
			</not>
		</condition>
	</animation>
	<animation>
		<type>select</type>
		<object-name>wp-7-1</object-name>
		<condition>
			<equals>
				<property>sim/model/A-10/weapons/stations/station[7]/description</property>
				<value>LAU-68</value>
			</equals>
			<not>
				<property>sim/model/A-10/weapons/stations/station[7]/LAU-68/trigger[1]</property>
			</not>
		</condition>
	</animation>
	<animation>
		<type>select</type>
		<object-name>wp-7-2</object-name>
		<condition>
			<equals>
				<property>sim/model/A-10/weapons/stations/station[7]/description</property>
				<value>LAU-68</value>
			</equals>
			<not>
				<property>sim/model/A-10/weapons/stations/station[7]/LAU-68/trigger[2]</property>
			</not>
		</condition>
	</animation>
	<animation>
		<type>select</type>
		<object-name>wp-7-3</object-name>
		<condition>
			<equals>
				<property>sim/model/A-10/weapons/stations/station[7]/description</property>
				<value>LAU-68</value>
			</equals>
			<not>
				<property>sim/model/A-10/weapons/stations/station[7]/LAU-68/trigger[3]</property>
			</not>
		</condition>
	</animation>
	<animation>
		<type>select</type>
		<object-name>wp-7-4</object-name>
		<condition>
			<equals>
				<property>sim/model/A-10/weapons/stations/station[7]/description</property>
				<value>LAU-68</value>
			</equals>
			<not>
				<property>sim/model/A-10/weapons/stations/station[7]/LAU-68/trigger[4]</property>
			</not>
		</condition>
	</animation>
	<animation>
		<type>select</type>
		<object-name>wp-7-5</object-name>
		<condition>
			<equals>
				<property>sim/model/A-10/weapons/stations/station[7]/description</property>
				<value>LAU-68</value>
			</equals>
			<not>
				<property>sim/model/A-10/weapons/stations/station[7]/LAU-68/trigger[5]</property>
			</not>
		</condition>
	</animation>
	<animation>
		<type>select</type>
		<object-name>wp-7-6</object-name>
		<condition>
			<equals>
				<property>sim/model/A-10/weapons/stations/station[7]/description</property>
				<value>LAU-68</value>
			</equals>
			<not>
				<property>sim/model/A-10/weapons/stations/station[7]/LAU-68/trigger[6]</property>
			</not>
		</condition>
	</animation>



	<animation>
		<type>select</type>
		<object-name>lau68-8</object-name>
		<condition>
			<equals>
				<property>sim/model/A-10/weapons/stations/station[8]/description</property>
				<value>LAU-68</value>
			</equals>
		</condition>
	</animation>
	<animation>
		<type>select</type>
		<object-name>wp-8-0</object-name>
		<condition>
			<equals>
				<property>sim/model/A-10/weapons/stations/station[8]/description</property>
				<value>LAU-68</value>
			</equals>
			<not>
				<property>sim/model/A-10/weapons/stations/station[8]/LAU-68/trigger[0]</property>
			</not>
		</condition>
	</animation>
	<animation>
		<type>select</type>
		<object-name>wp-8-1</object-name>
		<condition>
			<equals>
				<property>sim/model/A-10/weapons/stations/station[8]/description</property>
				<value>LAU-68</value>
			</equals>
			<not>
				<property>sim/model/A-10/weapons/stations/station[8]/LAU-68/trigger[1]</property>
			</not>
		</condition>
	</animation>
	<animation>
		<type>select</type>
		<object-name>wp-8-2</object-name>
		<condition>
			<equals>
				<property>sim/model/A-10/weapons/stations/station[8]/description</property>
				<value>LAU-68</value>
			</equals>
			<not>
				<property>sim/model/A-10/weapons/stations/station[8]/LAU-68/trigger[2]</property>
			</not>
		</condition>
	</animation>
	<animation>
		<type>select</type>
		<object-name>wp-8-3</object-name>
		<condition>
			<equals>
				<property>sim/model/A-10/weapons/stations/station[8]/description</property>
				<value>LAU-68</value>
			</equals>
			<not>
				<property>sim/model/A-10/weapons/stations/station[8]/LAU-68/trigger[3]</property>
			</not>
		</condition>
	</animation>
	<animation>
		<type>select</type>
		<object-name>wp-8-4</object-name>
		<condition>
			<equals>
				<property>sim/model/A-10/weapons/stations/station[8]/description</property>
				<value>LAU-68</value>
			</equals>
			<not>
				<property>sim/model/A-10/weapons/stations/station[8]/LAU-68/trigger[4]</property>
			</not>
		</condition>
	</animation>
	<animation>
		<type>select</type>
		<object-name>wp-8-5</object-name>
		<condition>
			<equals>
				<property>sim/model/A-10/weapons/stations/station[8]/description</property>
				<value>LAU-68</value>
			</equals>
			<not>
				<property>sim/model/A-10/weapons/stations/station[8]/LAU-68/trigger[5]</property>
			</not>
		</condition>
	</animation>
	<animation>
		<type>select</type>
		<object-name>wp-8-6</object-name>
		<condition>
			<equals>
				<property>sim/model/A-10/weapons/stations/station[8]/description</property>
				<value>LAU-68</value>
			</equals>
			<not>
				<property>sim/model/A-10/weapons/stations/station[8]/LAU-68/trigger[6]</property>
			</not>
		</condition>
	</animation>



	<animation>
		<type>select</type>
		<object-name>lau68-9</object-name>
		<condition>
			<equals>
				<property>sim/model/A-10/weapons/stations/station[9]/description</property>
				<value>LAU-68</value>
			</equals>
		</condition>
	</animation>
	<animation>
		<type>select</type>
		<object-name>wp-9-0</object-name>
		<condition>
			<equals>
				<property>sim/model/A-10/weapons/stations/station[9]/description</property>
				<value>LAU-68</value>
			</equals>
			<not>
				<property>sim/model/A-10/weapons/stations/station[9]/LAU-68/trigger[0]</property>
			</not>
		</condition>
	</animation>
	<animation>
		<type>select</type>
		<object-name>wp-9-1</object-name>
		<condition>
			<equals>
				<property>sim/model/A-10/weapons/stations/station[9]/description</property>
				<value>LAU-68</value>
			</equals>
			<not>
				<property>sim/model/A-10/weapons/stations/station[9]/LAU-68/trigger[1]</property>
			</not>
		</condition>
	</animation>
	<animation>
		<type>select</type>
		<object-name>wp-9-2</object-name>
		<condition>
			<equals>
				<property>sim/model/A-10/weapons/stations/station[9]/description</property>
				<value>LAU-68</value>
			</equals>
			<not>
				<property>sim/model/A-10/weapons/stations/station[9]/LAU-68/trigger[2]</property>
			</not>
		</condition>
	</animation>
	<animation>
		<type>select</type>
		<object-name>wp-9-3</object-name>
		<condition>
			<equals>
				<property>sim/model/A-10/weapons/stations/station[9]/description</property>
				<value>LAU-68</value>
			</equals>
			<not>
				<property>sim/model/A-10/weapons/stations/station[9]/LAU-68/trigger[3]</property>
			</not>
		</condition>
	</animation>
	<animation>
		<type>select</type>
		<object-name>wp-9-4</object-name>
		<condition>
			<equals>
				<property>sim/model/A-10/weapons/stations/station[9]/description</property>
				<value>LAU-68</value>
			</equals>
			<not>
				<property>sim/model/A-10/weapons/stations/station[9]/LAU-68/trigger[4]</property>
			</not>
		</condition>
	</animation>
	<animation>
		<type>select</type>
		<object-name>wp-9-5</object-name>
		<condition>
			<equals>
				<property>sim/model/A-10/weapons/stations/station[9]/description</property>
				<value>LAU-68</value>
			</equals>
			<not>
				<property>sim/model/A-10/weapons/stations/station[9]/LAU-68/trigger[5]</property>
			</not>
		</condition>
	</animation>
	<animation>
		<type>select</type>
		<object-name>wp-9-6</object-name>
		<condition>
			<equals>
				<property>sim/model/A-10/weapons/stations/station[9]/description</property>
				<value>LAU-68</value>
			</equals>
			<not>
				<property>sim/model/A-10/weapons/stations/station[9]/LAU-68/trigger[6]</property>
			</not>
		</condition>
	</animation>

	
</PropertyList>
