<?xml version="1.0"?>

<PropertyList>
	<path>apibullet-tracer.ac</path>

	<animation>
		<type>dist-scale</type>
		<name>PGU-14/B Armor-Piercing Incendiary 30mm tracer</name>
		<object-name>trace</object-name>
		<interpolation>
			<entry>
				<ind>0</ind>
				<dep>0.05</dep>
			</entry>
			<entry>
				<ind>10</ind>
				<dep>0.2</dep>
			</entry>
			<entry>
				<ind>400</ind>
				<dep>10</dep>
			</entry>
			<entry>
				<ind>5000</ind>
				<dep>0</dep>
			</entry>
		</interpolation>
	</animation>
</PropertyList>
